/*
SQLyog Ultimate v12.09 (64 bit)
MySQL - 5.7.24-log : Database - ccode
*********************************************************************
*/

/*!40101 SET NAMES utf8 */;

/*!40101 SET SQL_MODE=''*/;

/*!40014 SET @OLD_UNIQUE_CHECKS=@@UNIQUE_CHECKS, UNIQUE_CHECKS=0 */;
/*!40014 SET @OLD_FOREIGN_KEY_CHECKS=@@FOREIGN_KEY_CHECKS, FOREIGN_KEY_CHECKS=0 */;
/*!40101 SET @OLD_SQL_MODE=@@SQL_MODE, SQL_MODE='NO_AUTO_VALUE_ON_ZERO' */;
/*!40111 SET @OLD_SQL_NOTES=@@SQL_NOTES, SQL_NOTES=0 */;
CREATE DATABASE /*!32312 IF NOT EXISTS*/`ccode` /*!40100 DEFAULT CHARACTER SET latin1 */;

USE `ccode`;

/*Table structure for table `group` */

DROP TABLE IF EXISTS `group`;

CREATE TABLE `group` (
  `gId` char(20) NOT NULL,
  `gInfo` varchar(64) DEFAULT NULL,
  PRIMARY KEY (`gId`)
) ENGINE=InnoDB DEFAULT CHARSET=utf8;

/*Data for the table `group` */

insert  into `group`(`gId`,`gInfo`) values ('项目A组','特别特别特比重要的项目');

/*Table structure for table `meeting` */

DROP TABLE IF EXISTS `meeting`;

CREATE TABLE `meeting` (
  `mNo` int(6) NOT NULL AUTO_INCREMENT,
  `mTitle` varchar(64) NOT NULL,
  `mInfo` varchar(64) NOT NULL DEFAULT '--',
  `mSize` int(4) NOT NULL DEFAULT '20',
  `mSpan` int(4) NOT NULL DEFAULT '45',
  `tName` varchar(20) DEFAULT 'default',
  `pId_FQ` char(6) DEFAULT NULL,
  `mState` enum('pass','failed','unknown') DEFAULT 'unknown',
  `mCreateTime` timestamp NOT NULL DEFAULT CURRENT_TIMESTAMP,
  PRIMARY KEY (`mNo`),
  KEY `fk_M_pid1` (`pId_FQ`),
  KEY `fk_M_tName` (`tName`),
  CONSTRAINT `fk_M_pid1` FOREIGN KEY (`pId_FQ`) REFERENCES `person` (`pId`) ON DELETE SET NULL ON UPDATE CASCADE,
  CONSTRAINT `fk_M_tName` FOREIGN KEY (`tName`) REFERENCES `room_type` (`tName`) ON DELETE SET NULL ON UPDATE CASCADE
) ENGINE=InnoDB AUTO_INCREMENT=5 DEFAULT CHARSET=utf8;

/*Data for the table `meeting` */

insert  into `meeting`(`mNo`,`mTitle`,`mInfo`,`mSize`,`mSpan`,`tName`,`pId_FQ`,`mState`,`mCreateTime`) values (2,'test Meeting7','啊啊啊啊啊啊啊啊啊啊啊啊啊啊啊',30,60,'default','t15','pass','2019-02-26 22:50:55'),(3,'test Meeting8','--',30,60,'default','t15','pass','2019-02-26 22:50:55'),(4,'qqq','qqqqqqqqqqqqqqqqqqq',20,45,'default','t37','pass','2019-03-05 12:38:10');

/*Table structure for table `message` */

DROP TABLE IF EXISTS `message`;

CREATE TABLE `message` (
  `messageId` char(36) NOT NULL,
  `owner` char(6) NOT NULL,
  `sender` char(6) NOT NULL,
  `receiver` char(6) DEFAULT NULL,
  `mNo` int(20) DEFAULT NULL,
  `title` char(20) NOT NULL DEFAULT '--',
  `content` varchar(128) NOT NULL DEFAULT '--',
  `sendTime` timestamp NOT NULL DEFAULT CURRENT_TIMESTAMP,
  `type` char(10) NOT NULL DEFAULT 'private',
  `isRead` tinyint(1) NOT NULL DEFAULT '0',
  `state` char(20) DEFAULT 'none',
  PRIMARY KEY (`messageId`,`owner`),
  KEY `fk_mNo` (`mNo`),
  KEY `fk_owner` (`owner`),
  KEY `fk_sender` (`sender`),
  KEY `fk_receiver` (`receiver`),
  CONSTRAINT `fk_mNo` FOREIGN KEY (`mNo`) REFERENCES `meeting` (`mNo`) ON DELETE CASCADE ON UPDATE CASCADE,
  CONSTRAINT `fk_owner` FOREIGN KEY (`owner`) REFERENCES `person` (`pId`) ON DELETE CASCADE ON UPDATE CASCADE,
  CONSTRAINT `fk_receiver` FOREIGN KEY (`receiver`) REFERENCES `person` (`pId`) ON DELETE CASCADE ON UPDATE CASCADE,
  CONSTRAINT `fk_sender` FOREIGN KEY (`sender`) REFERENCES `person` (`pId`) ON DELETE CASCADE ON UPDATE CASCADE
) ENGINE=InnoDB DEFAULT CHARSET=utf8;

/*Data for the table `message` */

insert  into `message`(`messageId`,`owner`,`sender`,`receiver`,`mNo`,`title`,`content`,`sendTime`,`type`,`isRead`,`state`) values ('0debe937-8858-418c-b78b-2fcf19033780','t15','t15',NULL,2,'会议公告','xxxxxxxxxxx','2019-03-03 23:55:24','meeting',0,'none'),('0debe937-8858-418c-b78b-2fcf19033780','t37','t15','t37',2,'会议公告','xxxxxxxxxxx','2019-03-03 23:55:24','meeting',0,'none'),('0debe937-8858-418c-b78b-2fcf19033780','t38','t15','t38',2,'会议公告','xxxxxxxxxxx','2019-03-03 23:55:24','meeting',0,'none'),('0debe937-8858-418c-b78b-2fcf19033780','t40','t15','t40',2,'会议公告','xxxxxxxxxxx','2019-03-03 23:55:24','meeting',0,'none'),('1d8a2f0b-e421-49cc-94bd-da49b06386d5','t15','t15',NULL,2,'会议公告','xxxxxxxxxxx','2019-03-03 23:37:04','meeting',0,'none'),('1d8a2f0b-e421-49cc-94bd-da49b06386d5','t37','t15','t37',2,'会议公告','xxxxxxxxxxx','2019-03-03 23:37:04','meeting',0,'none'),('1d8a2f0b-e421-49cc-94bd-da49b06386d5','t38','t15','t38',2,'会议公告','xxxxxxxxxxx','2019-03-03 23:37:04','meeting',0,'none'),('1d8a2f0b-e421-49cc-94bd-da49b06386d5','t40','t15','t40',2,'会议公告','xxxxxxxxxxx','2019-03-03 23:37:04','meeting',0,'none'),('26171435-3163-4864-a890-ba3c3ef984c5','t15','t15',NULL,2,'会议公告','xxxxxxxxxxx','2019-03-03 23:46:14','meeting',0,'none'),('26171435-3163-4864-a890-ba3c3ef984c5','t37','t15','t37',2,'会议公告','xxxxxxxxxxx','2019-03-03 23:46:14','meeting',0,'none'),('26171435-3163-4864-a890-ba3c3ef984c5','t38','t15','t38',2,'会议公告','xxxxxxxxxxx','2019-03-03 23:46:14','meeting',0,'none'),('26171435-3163-4864-a890-ba3c3ef984c5','t40','t15','t40',2,'会议公告','xxxxxxxxxxx','2019-03-03 23:46:14','meeting',0,'none'),('27e5dc9f-8f90-45ba-b8ca-828e04f7a72e','t15','t15',NULL,2,'会议公告','xxxxxxxxxxx','2019-03-03 23:37:05','meeting',0,'none'),('27e5dc9f-8f90-45ba-b8ca-828e04f7a72e','t37','t15','t37',2,'会议公告','xxxxxxxxxxx','2019-03-03 23:37:05','meeting',0,'none'),('27e5dc9f-8f90-45ba-b8ca-828e04f7a72e','t38','t15','t38',2,'会议公告','xxxxxxxxxxx','2019-03-03 23:37:05','meeting',0,'none'),('27e5dc9f-8f90-45ba-b8ca-828e04f7a72e','t40','t15','t40',2,'会议公告','xxxxxxxxxxx','2019-03-03 23:37:05','meeting',0,'none'),('4dd364ef-ec19-4719-b144-2bc6b85f42e2','t15','t15',NULL,2,'会议公告','xxxxxxxxxxx','2019-03-03 23:40:05','meeting',0,'none'),('4dd364ef-ec19-4719-b144-2bc6b85f42e2','t37','t15','t37',2,'会议公告','xxxxxxxxxxx','2019-03-03 23:40:05','meeting',0,'none'),('4dd364ef-ec19-4719-b144-2bc6b85f42e2','t38','t15','t38',2,'会议公告','xxxxxxxxxxx','2019-03-03 23:40:05','meeting',0,'none'),('4dd364ef-ec19-4719-b144-2bc6b85f42e2','t40','t15','t40',2,'会议公告','xxxxxxxxxxx','2019-03-03 23:40:05','meeting',0,'none'),('59abc101-234c-40f2-8b7c-4a080bdaa618','t15','t15',NULL,2,'会议公告','xxxxxxxxxxx','2019-03-03 23:43:16','meeting',0,'none'),('59abc101-234c-40f2-8b7c-4a080bdaa618','t37','t15','t37',2,'会议公告','xxxxxxxxxxx','2019-03-03 23:43:16','meeting',0,'none'),('59abc101-234c-40f2-8b7c-4a080bdaa618','t38','t15','t38',2,'会议公告','xxxxxxxxxxx','2019-03-03 23:43:16','meeting',0,'none'),('59abc101-234c-40f2-8b7c-4a080bdaa618','t40','t15','t40',2,'会议公告','xxxxxxxxxxx','2019-03-03 23:43:16','meeting',0,'none'),('68679270-fac1-41e9-b390-f5625087d315','t15','t15',NULL,2,'会议公告','xxxxxxxxxxx','2019-03-03 23:54:26','meeting',0,'none'),('68679270-fac1-41e9-b390-f5625087d315','t37','t15','t37',2,'会议公告','xxxxxxxxxxx','2019-03-03 23:54:26','meeting',0,'none'),('68679270-fac1-41e9-b390-f5625087d315','t38','t15','t38',2,'会议公告','xxxxxxxxxxx','2019-03-03 23:54:26','meeting',0,'none'),('68679270-fac1-41e9-b390-f5625087d315','t40','t15','t40',2,'会议公告','xxxxxxxxxxx','2019-03-03 23:54:26','meeting',0,'none'),('6dab644a-f7e9-462f-8feb-ff1328400504','t15','t15',NULL,2,'会议公告','xxxxxxxxxxx','2019-03-03 23:54:06','meeting',0,'none'),('6dab644a-f7e9-462f-8feb-ff1328400504','t37','t15','t37',2,'会议公告','xxxxxxxxxxx','2019-03-03 23:54:06','meeting',0,'none'),('6dab644a-f7e9-462f-8feb-ff1328400504','t38','t15','t38',2,'会议公告','xxxxxxxxxxx','2019-03-03 23:54:06','meeting',0,'none'),('6dab644a-f7e9-462f-8feb-ff1328400504','t40','t15','t40',2,'会议公告','xxxxxxxxxxx','2019-03-03 23:54:06','meeting',0,'none'),('6e7221ea-b59d-424e-ad14-b6bb354a8aaa','t15','t15',NULL,2,'会议公告','xxxxxxxxxxx','2019-03-03 23:45:13','meeting',0,'none'),('6e7221ea-b59d-424e-ad14-b6bb354a8aaa','t37','t15','t37',2,'会议公告','xxxxxxxxxxx','2019-03-03 23:45:13','meeting',0,'none'),('6e7221ea-b59d-424e-ad14-b6bb354a8aaa','t38','t15','t38',2,'会议公告','xxxxxxxxxxx','2019-03-03 23:45:13','meeting',0,'none'),('6e7221ea-b59d-424e-ad14-b6bb354a8aaa','t40','t15','t40',2,'会议公告','xxxxxxxxxxx','2019-03-03 23:45:13','meeting',0,'none'),('95cdeb9a-d819-4920-97df-f9fc9c54bc22','t15','t15',NULL,2,'会议公告','xxxxxxxxxxx','2019-03-03 23:59:54','meeting',0,'none'),('95cdeb9a-d819-4920-97df-f9fc9c54bc22','t37','t15','t37',2,'会议公告','xxxxxxxxxxx','2019-03-03 23:59:54','meeting',0,'none'),('95cdeb9a-d819-4920-97df-f9fc9c54bc22','t38','t15','t38',2,'会议公告','xxxxxxxxxxx','2019-03-03 23:59:54','meeting',0,'none'),('95cdeb9a-d819-4920-97df-f9fc9c54bc22','t40','t15','t40',2,'会议公告','xxxxxxxxxxx','2019-03-03 23:59:54','meeting',0,'none'),('9b1dca73-2533-42c2-810f-cb3e02524d22','t15','t15',NULL,2,'会议公告','xxxxxxxxxxx','2019-03-03 23:42:05','meeting',0,'none'),('9b1dca73-2533-42c2-810f-cb3e02524d22','t37','t15','t37',2,'会议公告','xxxxxxxxxxx','2019-03-03 23:42:05','meeting',0,'none'),('9b1dca73-2533-42c2-810f-cb3e02524d22','t38','t15','t38',2,'会议公告','xxxxxxxxxxx','2019-03-03 23:42:05','meeting',0,'none'),('9b1dca73-2533-42c2-810f-cb3e02524d22','t40','t15','t40',2,'会议公告','xxxxxxxxxxx','2019-03-03 23:42:05','meeting',0,'none');

/*Table structure for table `mr_event` */

DROP TABLE IF EXISTS `mr_event`;

CREATE TABLE `mr_event` (
  `mNo` int(6) NOT NULL,
  `rId` char(6) NOT NULL,
  `startDate` date NOT NULL,
  `startTime` time NOT NULL,
  `endTime` time NOT NULL,
  PRIMARY KEY (`mNo`,`rId`),
  KEY `fk_MR_rid` (`rId`),
  CONSTRAINT `fk_MR_mno` FOREIGN KEY (`mNo`) REFERENCES `meeting` (`mNo`) ON DELETE CASCADE ON UPDATE CASCADE,
  CONSTRAINT `fk_MR_rid` FOREIGN KEY (`rId`) REFERENCES `room` (`rId`) ON DELETE CASCADE ON UPDATE CASCADE
) ENGINE=InnoDB DEFAULT CHARSET=utf8;

/*Data for the table `mr_event` */

/*Table structure for table `person` */

DROP TABLE IF EXISTS `person`;

CREATE TABLE `person` (
  `pId` char(6) NOT NULL,
  `pPass` char(16) NOT NULL,
  `pName` varchar(10) DEFAULT NULL,
  `pGender` char(2) DEFAULT NULL,
  `pRole` varchar(10) DEFAULT NULL,
  `pDept` varchar(10) DEFAULT NULL,
  `pPrivilege` tinyint(4) NOT NULL DEFAULT '0',
  `pFace` blob,
  `pIcon` blob,
  `pTel` char(16) DEFAULT NULL,
  PRIMARY KEY (`pId`)
) ENGINE=InnoDB DEFAULT CHARSET=utf8;

/*Data for the table `person` */

insert  into `person`(`pId`,`pPass`,`pName`,`pGender`,`pRole`,`pDept`,`pPrivilege`,`pFace`,`pIcon`,`pTel`) values ('111','123456','111111',NULL,NULL,'ggb',0,NULL,NULL,NULL),('735524','123456',NULL,NULL,NULL,NULL,-1,'','','13717735524'),('t15','123456','测试t15',NULL,NULL,NULL,-1,'.1k}m8BBT9zL\"ֽzݧDR0YZlA\rO\'Ge\nlM؏.ZO00 VTeoL\n+*&uҁe\\Wv<o_̵Qd۷׊F=Wq>VbO:I(0,#y-=e];O-mҞ\rM%WcafECt#\\\ru~u3lنpWj`sqmsv6flYᑃo\"ֶ)y26s&W${I!LlCeg\nFZb*i_ګakZR7KtJ%U(\ZEb<=	v\r2\\$#Kw$&GaBsbX[\rk+o2Ӣ8>O	11QX!A(uDS%/0it\r}]#AHt.=;&Qj٬d\0SDJ7\'zyήt\"_6Jo)f2\nU\0CHcfƻ?\"ISj]G;HD\0A>A:(pU{oF,;w6E)bV\"z1Ƕ b9L2@\ZaZ {d\\\nXhr}MǏ;2m$*.8<\rMu,_57ټ׬7[L+hD7 ~U)AFmx%8e]7[5Kw^DC0kz?!i{n@[hZ<1E4G_l7:Mou2ߧ`0btђXKs+~Dw&;Bν۞\r@ĐHm1%3}\'8Wq{|p.}mALʴCHmUtlB\'T9KXɓs|j33c[j=\rqKpcz\Zh?w݆]pL}1V2<924/7_x=͋S\nt^dtԟlKG<\n6\'H\0&1	c[>+5:\n	\rr#oW%W@$\0l@/\"AcݓO5]λ\Z~tsxr[Ϩ^[3tW\ruQs|!=/X)y`s1,Ӹv^6vWxKiݴ\Zm*@KtkP=\"MR6\rY꜖5y\\?L٦ǆ\r{LT@PCPEI:AEpYJgկc=\\N刹v1XB@l]}ԴLe9J׻/xϠHv\03=;ujAZ+U{≂|og؟us.VipË\\>ZI܀|}kqdw0т~ػBl5ST܊xsaϛnƶD\\L 4f_9=y%3Z_ձA$~q6񯯰!	vGX(gj	_8y%|lgڃʐMie\n(Bbш=K\\E?$$<`0-,gtY]AWj.o	I&(w*7ſ&ՙP}@X3\n+~74!I1Kj5	h~\\OC0YV񰗩Z%@Om:1^I?d-CPIp&ـk<6%I>HiK\n{?P\\3PMr/&Z)s+jWZ͓u/n-}.aTH.3J`8b]c&+\'4ܘ`\\( ̈́9KJyƞss?QRf!nki۠Fuϖkp@POA1,ňy/e*qQnZ9\'xVAS^, w?J|^ f,f*Pȣ/dG6kV}1gE!P@\0Y80_frs6؅8vLO}3qs]QMye_XA_Lfݥ1~cDT5jƐk%Mb\\c9q	5.1лuyi&\\=fL2fr7P7u\0oΪHO:`<NP%g Y$ KU`qo>)$▅}ߕCf}`	Z>\"N\'&`W	glwc;s|n[HӉP&xbrQ֒,AӚQ=o(+{\\43p9/-NXh6Ӹ^(Aa,h@!`O!\r(?Kcw9\0P**ؑ)-pםOE5(t`ƛ*:qx.KOMdW&(eg <kV֬m̓Ft~Dc0].Q8&\0^=\n Xuif6&^2VUJgE\\2%;Cpѩ348[jz+Fkb&>hp3(V|iLp=ʽq)J/(,ȴìE:=RpWRu$	tS=U^y)i\nJnl5m;MVeu\Z\'΃.喇Lч@VXd0,1)DVrgkbX}-pTN6*	\nBzg[<\0o\nt]S$ysrp9cl5KaojgعHɘ1@ET{d<%AҒ\Z^N9#=fiR\n0`]>YV<*Z_uڰCDu@+RvV^|1&ί=oॳ9{qj$\\-j5 KkMH|\rS	!rT܏\"ҕȷ]#+z6]BYAt`bJÆbY2Ӫ+V\0\\3Lm	6y,-MP|2gl\0nE,[[3MG]4ȄKK^1І>\'Zz]xq^8kL8,	H4$q\\r͝3Lh6u2[%^ECҽwӲDJtnWV{ˀҒE} \n/~=\nO\r M?j1?,Mwn[*OԹ̳\Zui)9Ck/`#-DtJNK|E9A0;v:2R!	P4#h}{B-?--pVcduZ\rà\08w:|v]e]v򲜽࡙(z٧ig<uNЪ KIl|Uc͵_r@ǻu_0LFY<hYuaHa!mUdZ @\0\r*?!1]A6̹3\n\Zd]yB%U*:c\rYع߾[퀆c2wjboIL *W!#@ЎZXh3N=ۅXlYEԐdmԘ6w^vS@q*SO#k+UҨ̼LCl1Y8ɵ2;}Z:{n#	=eoWz\\\0̇p#R2h_7jo!Y#ncl\\1LVuVb\'XC UVV/)NHϽ.rʉwŢF*+3^)K*@dRlo=$A\\vk89 -z/	۾H?b@~8f%d(=v4=X47d! 4])jMiտ\'1V\0\rQ9tkp:l.綯|:cH4ϡGƢ3=BddZ`\" i8iZm:ky{/}bbRK*45L\"	n׭AA)@=!)[EH1Β#߳7xէJpIG[H&?LUIZ9#砋1Pl jǸKKڔ; v; 4{EDQ7B GZ6h6FSHʈV8sV^S3P|f5`$K>\":_T}|`,TЪkGՇ7ڑlZDŪSZHmrHۀ:h!3n9ՃQZ}q6^\0{>(@[$V\0	-M1>^dT9?J>0A_وiiݙ.{4BAs:c=lCZ)$AGF2QfycOݏ7~g\']	C\rGk=47s\ZQYߒ@2[4rW@oiگ9e~$VD?.NXA\\|Cn]KnjqљFpJlfE,[RQ(C6è()9δVI.7YKJ*<\'󌵝7GL\'z?* )btL<V\0I7\n똏\Z<i!B\rխ\r\\cY}8MZ\Z\'gzN=tZ]*\'dˊ`&dG\0\'#xDk<#NꢳTP\"\0vzs0ɭqZ\n%>NrZ{,?d\ra7ۗ\r	oЧXe#ɐɃA0tnw7XR1H:czwxT/~\'+\\d*,6$0BOoSbw-tAs忚[TǢY82B]\nN[ڊǙ@	\\Y!,aը.sjgQZ4b@d	&^\r`fYjq\rʞn<j{sΆ2,c\'q.e#CYAm\Z,!`g]MrQP.]3;\nvbˮԽ@>Ŕ]2D>\0cRTǅN/\\$=/9)8US[GZ\Zgz\rW`=hfK0`Co __Z5wwK+b,*eS+.wXQanp1y#W+?3jV|5\"i!	P.q@ppX,M4:6XKp<_wqbΪuДMXÁQ׈b1gE;x{1gwHqx7ZWQo=LA #\ZN,\ZŬ$vhgt]gJ\0\"?Hc~F\Z}Y>yȷ)l)I	-| b^pجLػe0\rŭIRDІc&98A&E:/AHf\nmij9pIFg#iېeNC\ZƂ C;ئHN܉ec|@J]ـ\"KirXƖEsQЎco$KGBF:*CZǳ]*S:Xd.Wkj*\nU<\Z1_Eַˣ#m!c\"p\"Q˜?nepvfT?\\UNR,]l\n	;K07h~7Bj*`#`ߩsRMǧqiuFH6h\";To~	ёŉ]<})#0Ǥګd>	,sAMo_\")F`jjPZ&di20-mUs`C])3rBp^\n\nQ$@iLB&<_5ȕh\r\Z3ͼY(zw:DUC,\n g$hSXm$9ph60*Iϩ/\Zr$,a*A\'^4eA`R#4?2H)oEIVۆK\n--)xjut,{`Z\n^L1Km_!Y]TRB.򽀼Ɛ$˾\r6V߬8\r\'N}R%$^sWS=nHfL|6889pZwpG\ZHn!U0Ya\']\".\\QЈCo\ZxҵN<qw+\"y^[хJxZ?1Df9%]xq\r&Y=oZś\'/ml)]+kJ\ZnDPη+\rZ<5k\\`X_\nسkk`$s{wEm3\'~}btBKpԼ[;DIK|68c6Lajn̮kgGpg\\1P,M|IlN<{5dٮmIb4L&jGd	cǼugx·@=afBrGE\'#h//\n 7\Zy	xEckVXa<Tt\\<Jve`GBO~\nz\'7+H9F)?ϙ<}\\-y\0	~4Gn\0$e/s	i?QьڞP%^8<v恐 T:]2-\'&Ī\"hٮe|ؗQ_\\ydVg\"GjA8}A4Lxi.Ez0?\n4J0X4N(?yD5;[O\ZvwC>\08CX+EER$N`iȉ&9=F멜q}!\ruHv=A^]n\0Fx8	òsZZqĭy]2h?l5SS<ZRap\\ur%8b;=9ܯ0ǩEP9[`\Z?tkM`\"pHI#iǬV:,`24!?+ Խr<-dމ\n*xuAP99[703u>l\\EwhI\'>N:ۥos9<̏tʧO?Lhb%r8K0*%JhŴ63{ki ]a>duےx:v(olqQ~s@rO[9	ti`!l9ڨ=XB\Z%9[\\[#yDws,x+BR8-<}:q6BD:Xt1G6h[>L@\0ti_Wd\Z0-BW[PR$y(P(L1mGCUnCV=ĖODcWeױ[ǎ)YyAQN8g?+/$9^#mzNxᖖ\n)^A؎{b6Dt8UER%9?ٱ\rrC7/*_<kRVH(F\\CŤ\0ULO%W+|qMk\r8nQΙ]Dvד>%ߒo&0Lt;CɉI^6`ԭ/ɥ6fC3%^u-Og?sh4d>5Co\rsZ(Nei`Ģp?( 4;sʤȨi\rԌV*Sj!b7u٧5I4{ܿ}j<76w1뗰<]}ؼM/y?UI)oZziV/ظmOc*:e4TW̆ˋl8WbXksMרH.:%j˙I:yoY}ǎr֩ţAcda\\gs=J&w}K&elպQ..ٽ9y3|5A4_ 9Ip#C5Dv#H =gh 5P[C%?B	\n!NG\\\0ۇqt\"j0F64/w;|K!ڏ5Qe7ӡWd\ZݜJZEƶ8Vi=wlEyaTʅz\"}&å\ZWQha\'`h{_7˞r)mQ09<bÌ&]	N- v_nKYO%O\0`̦Ų(F*>\r[)\\l)v<\'ugmDaHk9)Eha\\EmoȐjʙxr#c8mdՍ\n;1܏0w^}_Љ,j|o*vLQRד{fT+d2I6	yÎiOl9NC2\\zQ}g6OskIƥG@T)ҜsV\0:g\0QkH0wqre+/ֵnj$utKJBU+a˳Q2f:H`k?MgH㑖$TypyW#-a7ʐl	\r˿\r&mՅDC}R\'堌X\00ƮO%F])Cܘ\"F%\0ŔVKr[pץU6l~6D{EUw5D)g[ӯ̂.Y}Oq;\\5R>Dz.EZv\"b\09idVc3~ ^Jr|R|Q25\ZM3JZG#!Adl,V>Ί#ýiv\\PM?uO,Sbx*\n[=LL*9b]Ts5KuE\'u%~l7H@K4$vөeM]T\"3[xx7Mɺ.z#RTq_ )\0p{,tss\052ȮAd(&ۭO@hl]>opH1TLJ>z8ɽ&hH\Z^_h̑ψ̋<L8OVBcʻ]?H(lNx| vcu\0Lߘ/M8#UPܼ۱X\"f9s#x?;`}\"!\'}BtѸ+nqaBJ\'zH![pj]CЍ1\r֧\\S3<}SQ\rS\\T^\ZiU_c͹g8\ZxK\\R,T8\0^4UCxv=q\"´|5(~5`C_\'/~m.ssfDmwD/KW!hk=\\{{nxJ!\'Y7`ChE{a</Z~B\n.BTG{ч+CD&-0>J΋=|\"Z̰~q=KwʟJ^<_*ؿL\nu1L;&mUtZ擫P,իujt⋇K`꽵8=D\n7r^\'gKc]:e)a\0mʹ:V0_A˓\\Ji-]%nhj;͙*S$5sP\0[=k=kR,ϖKwaaLh2$OF=d/v]\'EU=^a}	n|^!:yU~[(d,bBvN=4z	LjLy \0AS9;h\"Qi_\ZN<93xpQdL>\r\\o)-؆H\r/AǾ<k5Mz8bpGbt&8JǨ#b1X\nHH_;\rI}xH앖2Vnw+	U!Nԟ^?`숲!2|a3@3m/W҆(AV?띗Ӹz#Jq>롟rwLK7K\"e\'ѺsW[4+ŋU3uiB̧X,N[fochQ vV_	S[\\z^+%1KIbY5e[@Me&!U*ws*㜯gErZqa\'F}nA;M*KQr)+d^+YXtED-\0`}e9JR[%iێ*U?{arQq%f)LƧy_alT#v!A0[|\\t|YNSJD$mER,nOzdOn;.SE=WR45<Z+QbXS\";8re$㝿pI>tC|#C%,urNLlQvܒ.&yDʼ\nz^Pvz]N\0\0/=Ŵ߲>ٸƎDpdaiF{r4W J&Bb˧Cͨ!8T:s-`sfFL0SE\"߄\riCedr}pD^VA$^|/qpנ5{Q)8b_=C:h|NRUßܝIo$rjm<J1tU }iB0l+WgM>8/z+A]//>_ުȂ|9ϭyx!8ĜWtO7 GmYrOk$LF\06CтV\'<Km zQZ>`+Ns\\6h!bbeV+]µ)s\Zv[JT3}F(D[Ihq`ntW{Dס@Gn-&ɣxDֹ=|pw\Ztg~p\ZW_67E,ɠRi:8onj^^e\r\rc箐&Ps\rI(2SVyK\rɦ \\&?yu4hĞ͋Ƶ$=Wy\'V@1n͌dA&~1ѱ^ChnQldǠz ia%ϼo\Z6_4%PNӐ$j\n/\"_eqY7O\'c4,`a\"\n-=\'_38b+1邬輕tB,ܡ!Q#\nНg\Z)U!	/OS%R/R1as}|Q꧍?X+YYTRF/cPץh=qOU	&,v܁	K+l1nN\ZLwQ3rbWPܔ)FoCV=6/Kg$+Qh@Ǉ3=Q7S?\0̷cs^u7\'p/XRo[Emm\'[ห0<W@c\\\rуpNJaA,ˎA=.vƀn*6>tƜmed9~$6͌[>Rkhm:uܪ|*ħx6<ްz[\\;-+v-hXo-~.{\0&fwyҤԃ!Iɏs\0`\ri%+=lB2,՝v|d I8_\0߾Utx@UŽ_h,7.\ZCRRSC&GF9\'jɛ2s*`QhrIhfu۵ZԦQ|3Pw(5nu#B)ga=HH˳)MNfU^2pRm0`ī_Fװ7JU>\\~O23eQ^}Ns~5vCkM%d_:{[küOnτqpcBLٰۭ\\[{DyhO\Z>}+Q#-˴J^Q\n=/1W\"w&wJem:e50VPq08Zn`v>;O\\TbdB4𫊅1^&#/1ʲ9Ig8_po\"Ы\\{\Z{aWdyT6Ef<҅dʝQ~4&F)aEi_}\'c@`5Rd_LwR WiԘ`/Q?Ԧ#T#}FoTr)U]6ռl\'O\\DY!iVߥK\Z7on2+]pds:1\'uõlxte|ǯt- Pu\nINCzarmMm5^E1;Eop\\JKfqW%ݙXye1-!R΁qTxde!LIv[o>	O{޹ΔX]|!^\nF\0^;&Q\0\r-PhBᒜ#2wcjԱcZL[G>&sۃ\rK֔h+1!qx|B$k&~$\r`Ҳx&ّ,6{<iTduJjV\"O./BY)tI%f$m\ZRvQ=$LQ|1/IG8Kȟ:*ǌRνF~m\"K\nlhv<V\'SaPLSmiQ@ݾ|.6s\n@ѢH^E_kz\rK7t9*(tMg	|5ǈEP%Nl\"\0aPzl̫uO$~8	UX2nreùgW	aĒ)<fZt?Q+LRŹI^*{Œ0Y-.w}qìBBt\\D&	{1Qu\"4\r앝+z0^\ne)~8D6f.i]L4RGGaXo~/<:K/)^t\n晊^LqKE:RׯO.1e땇*a3\\]e\'I H:~-yі3D\\M`,jsUe.s_ =l3].V؇qq\Z`<2w	!.zY2iP,=xպivC}1dZ-\\Ϝȑ:(YN\'\Z\rDaUJN*9\\?5Q|+\\aj	uN%u ]&<\\KL֎`-NFlsW\Zx<7Q=:	!>1\'=\r0i@q[tݯFKѲFaV>.V2tuvrH6}ُ\Zj}ƫyMvEd1G7m\Z\"AE$IeWUS\ZT*Tc\n$.bDrk(YGvkd^ųCCFBt	ZAt!Xl]یW>É(DKŁw6~5Ҿ9PǮ8`-8{d!H0\0]̂<t=V\rJR29KV_ie5Yy9xo&\n1$U]~n\'gRzxVF׈҉|׭P +U.鯹iZbsW*g>TFrCyqOj*4	\n:+  yQ9׻oaoײT_`{]TM<X:&(Wpy\ZE7T+Vg7˕ll\n*kfڲc⶞4RX+fv_ʚ:\"HO}*dJ`\n3﷽7E[e8\"CIkZ)i(u¦Wtw\r:,яV \Z%箘+\Zܹz/Wlma~j;Q!DKKi?dhu{/F!Yt3SD@gsB{OMz`+?;Y+D>3		ghxve&}-Nx؄bv/|VendWcx3O[z4îN%xzI~sh{\Zn36m1[a8Ql	6k]#?M\"8if/@ۭL^O+|iyΌz#yÖ+AK\r:=5X;k<c̊/BNGۯ>>\\srhf2~w-]:R|cw4F&,`+LdkozGFg5o.JC(L#]$#\'o.P;XkR}:(g0SB~D	EI;<9҇ӨV$1@̪TNiW#\'ʭ.j}~MSh1HK\\[w<m;Bu\rB\rm+82;r\0tvN0<;tv\"v:Q_7ioܹz,crFn|O[Z8k@j\0ӧP`޽5L!WIm|g/\rjKA<@\Zd*06cZ@	JzG)Se4d!6g;*9wU$V䶃.JHF9Q:}M\nr3:BteMɎU#Eej\rb+*{x\naV3~ñk<R%$Bm<.),1\"R&8Xв(	_Ͻvm֭0Kw5VKw73t	QUb#\Z7QyPn:oeH 1&{]	eMg~zإ{	ZhP(e|VՄc8*d`7\rOJ!G))djXSck{`sϖJۃ3򉪤$4ǒlH@4<{UejƧUZHq*V94)X	\n 5}u\rRl!!{PZOU=Ž9U\\e%g?r`I4TvwkX,{\0nMeoX\\T+$d0l:nsį-4Wk^EMw\n{ PA^`&%l\n9cǵ@AiPZ,lROdKﶬge6ٚ#w#߮*%\\669y9CYgPvvq˟FT*)3k&\\>kѸai~tG b\nzd=xgOu*!y7z\n.W06sYFI1RDX&bt\'1ȯ;lx\ZSuMW`Opx7ܪ8) G׾\"ܝUu<6}\"01s\0num1oBB\\Om [BP$=>J7ۄ9+}_%Ҭ1OjV=YsマxM|YY^[A$)!XlyLtQn)ųW:Y4\0#`ٷ_Gjߕu\\=n\'\Z0><F()4徉=\\^f\'-}_HZj\nP>+r%k+:D.~uD,8Րd\ZrTmt%J,\"Ӝ2`Oz%6To\0v\'+tv\"\\#njUu:wJe=ܳEjW nzJ1ӫ#eqWԪc3] [69]\Z;/應2<BG@97:R7>\r-cYJúBXhX\n\0?\\\n|A:/埕UFKZGbw\07\0!Z=ׇ-<2x	j3ٌȯ\'qL*zq.PV2V߇A4vwZ#НaZ\ZGZT[w0<SgeZA+g*U)Ȁ]a4vwgMӶsͫ!68`b4מ6Zsp0j׍H]9-leјtmP~\ZώaIZ[Bս;!\0dE2pssym@!MZͅ\'4A\ZA5R͗m$P\\k\n8}#+@v@Z@_ԟv4oBߣ4\"/}H_v4f\" k؏7Kc5el0eo{丏˰ebIqvBXFpm`wF5[1\rҹϲqLvFTC۞5KNYPތ6@W5ݏF>536pjl_qu}0>kgʱu髈(Sbʱz֒\'sw7\"g<\\!wl̢+ENZQv4J4\"\Z☸/Â 5!5/{5x~w4Wjnȝ4Ŧ,}\nqNf,dXʸRE3Aģ`lGkh͙k)m f_AGt-v\0/襣90)\Z>.Jm&# P#n%Z۾Hw`(~nFIpēԏO7ċ wϞ]ToFÏR?g`FgV\\l.ԝ67|kcϱ0gznYz\\:|\ZhIXh4yÆ2kف!Q̊I5?43s	ӓbm%܏Ao<]s\ZDnhϻhT,62dBl%;S\n}קm\Z_%\nE)R8p+hȨTeV@d	|vlxmB54ɽtӮJM56nAڑ. _\nTWp3TVaL%IX`UjFH6Qz\Z̭bI&#ni	/{bp	ʜIO-E\\B?Î]r0Њ=o-Q4-$pgHy#_`q0:b\\\'v$+c5IS+R9\Z?+tL-7ѳO:+/|_	-60kSMQ@\Zf\\Z^\"W_\\nZŋEYDxz§A>d]<\rՉv4Eg\'&^cS.x]t/w%.TtjHׁ݇H넥2wAGX2,/BTv\r&AR4>1OFo\n[Q(y[s@u}SZG	3^;L𒶫{P-3ţl>%Hب=\n	,	y\'C}LA#fkڟzNcWAMBdI QЈT4ܢ-l:RuѡU,FSY>]07p_6=_\'߇\n_Ju?^;|ts$\"͚)B+F{5Bad|!/ZAv#cԍhmw9Nu[D0Y[\'VO(0cO/ɺ*?Umwkm	oO:܊^ŧ>k tmn*9\nPg	F₨~6h:NZP͕P8vd>ӉY>}3,> scJ\\-ԪAdMf.\'6ԷP.DҌ/.!]n0p8ФEdQ,Ì(sw^\\?\0c+Xn#oKr)t&5(1w[!T~)U~;ya`uV6c*av	:YtPX\n߰BA*߱m^a[18]\'CŽDYL.PI	ê92i1W\ZWTekP(}Hi!h5rs{ȕ!O4!\\6ρZ:FG8|H\0X)n[Ј4\\v:w=N8VY	H^xFQPOutex΢u /pD76CSOHʺx\'^ZӸKsHоLҁAXIM\rkzi9saH^t)jF\"0	yJZÆ ivI1\n׾O\\-x~\ZFMKh@OqʻKK4IsgS>pkL-\nS<VZM!5k}Bb\nK)8q&wٍ1CY<\Z^}ɰp2Ey`ZMgs܃wr˒\r0}7^\0L,2Wq-Z?-^fp(\r#xw)\"\ZESp$Q8Or6%&_->{9WP\0\ZpM7O$Dikv$N_K@w{xzi:z;	f69	4[D}̀٠u/5DCXIGHkCY\ZtـM@CJ/HFÄ\r8O0a7BIBhi\'\'8y0ݻ!s@*!nBj9+6d䬮ZδW8䉎8L6v:&)%X`r?x1:Xɠʢ@[DWMFg;?\r\ZR5Tp=+3V (@OobrVKcê~\n=t\0^64Z\'y7mi}7\rj&d96JYDFzmІA,+E^\0%-Lੰ_J(0էu%Uro$=SQ^qͯׄO,fD*x:S% \0%}p@rc\"̷~2̾/dP=QH`\0\rm++\Z8\'foL!l6~`Fj<s\":܄=Б-5.jj+v=-W\"Ү=;|ыt,CG{\ZhnHk6dix&JRA\"`\Z%jB`FI=Vڣfw\nVHCqՏDPK+n3T\'7bؓ[V5P\':j^q~c !or=D}N\rv|Hy?\rR4*9?ħ>RlYg㉹\02\"zDɄ3\r_@:΄vN8w\'}V𿄑?n6|	&->FCJ*5CP\'0c2Q4Qf2\'m?9+*vN\"+kZ\Z%Sp-}]DRCԥvhu.vGǵL.~D8 ʭ@gg% M(ʢ)yƇou턯bQr\07sDKW%rAt<K?)V`R9\\)-I\nEV=o>7yv\0_~s6cy2_p~B\\Zs_(qYgA^J51o|YI)@TV[N4Pdh6V\n&>˩3a\'{i	șw_-RX˰+%(t\'^EZ:gc81RNhqLHokЎe֦	3ټv	OڦaEh%٧JFNʿmB6!w$_Ү_xvC݄ypK9N.Y\\6BRdXmrEX8hǸI+_JA0LѲwƭZ+F bXhz{B[hTշ1:NJtۅ\r%J|ʨו,mpzxy\\ǣX݅du2|\\J0(#VmuhlyJPf%!{crNfKnH]E[`]o#*,/&0`HӐFFPBV2J]Nc^7DpԺu\0K\n}v?^[7頳3~7hglә[q-/	՝ҋI0jL7Y\rR^~O%ǜi?PEJ!\\QP\04ǉVpY1g<ZnZV&Jˋ]IZFQy(\"K40\',0aX++vT|\\Z(״4dS;7E|j81tl?+u?v9KO(/_\"Z*C󊛆ɺ;=|v\0@~mlČMMPcZ{\rDVIW0ɞZj,\\:_׆s]\r\"ڭi9<ʦ1{U-axD$K\":3Q>AUB̂^&h\0Q6ȁPA4RMDхX[\rfmy\')#fJw)g	=lD+~4#&O3Q)nC:xį=Aq̃Mo0n*=U踼R\\nf)nZHqpjb4T52fBy\rzDixe\nput#(if\Z<g0Uv\'I;vbzfy)EA4,Ku&0=k-+vMQ	0+WhvYM23q3#nz}3_?/2ZAlx]x{T36J\Z75VQ)wji|DXm/:d@g*}\\7-\n0i]to7rPX(K2r3֣MmQꌱ椢8(1V}nl}\rhLHE| XcbvnTfLW5Ƨ^eYG/CYHҪG֚v0N\\T]zU7','\0JFIF\0\0\0\0\0\0\0C\0	\n\n			\n\n		\r\r\n\0C	\0\0d\0d\"\0\0\0\0\0\0\0\0\0\0\0\0\0\0\0	\0I\0\n	\0\0\0\0!1A\"Qaq#2BR$3rs4CDETUb\0\0\0\0\0\0\0\0\0\0\0\0\0\02\0\0\0\0\0\0\0\0!1AQaq\"#23Bb\0\0\0?\0\Z2A_?=kuXPFͭ\0u%?\'\0\r&6`S.#p_Z1(Z斀| sX1/w|:u?ˮiTĸ#[OnA){gkS[k\0Vkú&&0\n-zRqղP7\0xIzLޫ$ȫ6N1~zI~?Ng@\Z[fE\0d9M<f`|@Bg<u@G/٬ag`fG#өH3(:DoQ$Whi?!<R?DևTZ,c3c`d\Z݂\0SٜjcZwuRQXLu*	=p@[X|JQS(a8Ig\\%-*eR:?eq{9A8X0bA\0F2qRKnޣ\rzz8c;r@L0#\n\0$\0OmE롹^1≄\"H\0	&u5EMLd^,\0\01oqW=CSHXdӸ8B}=\n(ޚ95W\\$8c-ㇷKXnҌD[a;+::~J|ۨtMCrLR=H9\"viaY.sW\r,hA\"\"T~$j:ms\0u\0$\0>UGxoW\Z~9\'\0uQɳ%>\ZE-(BʟdX!կi:}]Z4\'/I\\:㫍<&M\\;\0٥aF#qt y$%eeOr5DԤ޲.ڈiQg	Q\';ǰP:~eJBcC[dȽQ،iגS[}=Y\ZJ!\0B5?n;}o72l4tYG<bIX!3,QudOwնQX+EG\rY$(GQكԴ4[pC$(ih!q 0NTS兹q4C\ZTZrN}04w[fVڔfAjs+y^Iԣ11+NjeK=7M\0x}uk1-ƶERU0/;f\"ޮG\0=v}5u٭XhaMk,yW=P2	̱pfĶKUւbe),Aُ3Oe\0cG&\n*>Zj7ez ~޷Ž[UWjIUW8GU<0ØaqS=tۼc(n9hQ\Z9D*@ 2>Ď>>[8A5wEujVR/40啑R9Tѯ]VW{bTi9PvY#P{#vL~[_[ҴfPRV4d畀*Zzh%U$vU]]TyxO#*Xag2ty\'w=n0ظG\n\0Jlc)V,Y폩nBm5єҏ$TTć:V6z-I7~ѸĶzirbFP5䜸35#t.,xT3G;CHcF<2szg+ֹet6.ۖ#n:MFIQ<q5<QI8.|Aclwk\Z3R$yRqR_[S0Hʁ*Ĝ`;jOEk]aX.sAYb|d~̧NAVetγ{F-/w8\':omwmXd+\nj\0?AvK)nSS;ǒuZDH\"Rqu~[DT,*p0Q{1s1ԵI,K%-թ4&P`v2VR9sט8%M<]8\0>Arw;~~	ң}f*l=%]VGyZ1Y8Ue ?qX\Zն=m6}mc*Q*SFT<\ro\\7L7KJ2HOψX/CP{\0U7R$E1O\ny;0#\'#FNAszـx/_\r4Ѵw\rPƕ\0\0vg~oXUn,bjQӷ4$@a\n$::CujH\ZIPHEaϮ\")$TzϖN|)Y.?[S~YiIM4 )Pz\0hI.hDfJ-i\0.\n!\\;KMw]-eD&\0Qz\0||QtzK*\ri8ꢫDzRN<3Jm@\'ی}\ZF+ӯ)^S[]6D(4vU[+URrH_5g~<kC\Z1%ioӻ;8c<*$\0G:0_Y<)jcjYՑ\nhɵѺeܖ+\"\0ROfV)	*aS$;R~΋yqo>˘3U[U\0G\r#NU){<7$vZZ=ס2՜MtШX@@\ZuzYl6٫j2R(HP2OܟrfYG0)\0 uo-ԸIVԵ$.GU\0>Uk>-^>>^|2]N_t,z0[$,:$ѷFM\0<*KݼLmJDj)gdȝ9]WpO6Kl$IHO*`>gemҽM[M\'G:\\t.|gWS6|&ʍTOm~%=u,uHIB0#\n 궥\ruZԇyin+A4IAxJe[Py)mt>%lI!u\'cr0fZ}wVs4G(>[$P; 7old2%0HO\0ǢڴhlS\\bQI_4xC&:\0ᆳvZN۩ZWՌӰ\nw-p:@V\nJv\r~\r;`*v<r@=u>w%zˣ\0_#T\ZxlKc\0jj\\qAi}[iN48%\0~~oz{{Z(Ď\"jz:2\ZGM0l=l֠6R:\09he3#>cO㛾ALVczƝ0u\'v=.FJu\r> J1|ST6uP}fvlrdQ!-O$M]MxcLTȼanl%6C>2jSatn*;7\rܓ߀\"UMe$\\鱏6=-sԭ#LOA\r-sZiVKDFk%cTq\0׮.\0>[-H*hj޸fU׶w+\\Wj)(+^Xd*ԭ_ggڷ_S	Zd@3n6>\0gXNb8HPW:F08u}	#UfzO(*EV0?tUզe<Ӕe7j\"?,8xBLKl+T:Y*UiN^oWKn:SNa(}ڭs\0SOo82 \n4inpi#dT?6۱V#c?\Zd.(Z\ZP3٦=OGsW1\\URIWɴ75UB=5%R퀅\0w胼kROuLJ!2Jb0O\'ؼfg옭*+VTC\nF\0*pXz篞/7{<V\n́9N.԰OLDحp\Z\\T߷>3TIgVʄ[)ʀ@ 8okDq(h\'\'R*jA`,\0$v<=>]-Mpiq-?L=EuT$s8Qx=-j]tJʛdf0#R\'+OLujAZ%ZL	aZ2\ZN\0\ngpMw=hqI`\\@Q;fP\ZT:	VL#F[7U\Z\0Pzoۻ`WN$IQ<+\"8y>v,}6\0ii:uy[EM$6PunNy*yݍD*Z%l~{.	;Ҝ[`l\0tIN\Z^vd\'G?=--.\'T@DRK\nH$\n/CAo\Zm/fTTf\0iikv-.\0ar|_\ZZZZ','12345678901'),('t37','123456','测试t37',NULL,NULL,NULL,-1,'testFeature','icon',NULL),('t38','123456','测试t38',NULL,NULL,'ggb',-1,'testFeature','icon',NULL),('t40','123456','测试t40',NULL,NULL,NULL,-1,'testFeature','icon',NULL),('t57','123456','测试t57',NULL,NULL,NULL,-1,'testFeature','icon',NULL),('t58','123456','测试t58',NULL,NULL,NULL,-1,'testFeature','icon',NULL),('t68','123456','测试t68',NULL,NULL,NULL,-1,'testFeature','icon',NULL),('t69','123456','测试t69',NULL,NULL,NULL,-1,'testFeature','icon',NULL),('t80','123456','测试t80',NULL,NULL,NULL,-1,'testFeature','icon',NULL),('t82','123456','测试t82',NULL,NULL,NULL,-1,'testFeature','icon',NULL),('t83','123456','测试t83',NULL,NULL,'ggb',-1,'testFeature','icon',NULL),('t91','123456','测试t91',NULL,NULL,'ggb',-1,'testFeature','icon',NULL),('user01','123456','111',NULL,NULL,NULL,0,NULL,NULL,NULL);

/*Table structure for table `pg_join` */

DROP TABLE IF EXISTS `pg_join`;

CREATE TABLE `pg_join` (
  `pId` char(6) NOT NULL,
  `gId` char(20) NOT NULL,
  PRIMARY KEY (`pId`,`gId`),
  KEY `fk_pg_gId` (`gId`),
  CONSTRAINT `fk_pg_gId` FOREIGN KEY (`gId`) REFERENCES `group` (`gId`) ON DELETE CASCADE ON UPDATE CASCADE,
  CONSTRAINT `fk_pg_pId` FOREIGN KEY (`pId`) REFERENCES `person` (`pId`) ON DELETE CASCADE ON UPDATE CASCADE
) ENGINE=InnoDB DEFAULT CHARSET=utf8;

/*Data for the table `pg_join` */

insert  into `pg_join`(`pId`,`gId`) values ('t15','项目A组'),('t38','项目A组');

/*Table structure for table `pm_attend` */

DROP TABLE IF EXISTS `pm_attend`;

CREATE TABLE `pm_attend` (
  `pId` char(6) NOT NULL,
  `mNo` int(6) NOT NULL,
  `state` enum('canceled','checkedin','noshow') NOT NULL DEFAULT 'noshow',
  PRIMARY KEY (`pId`,`mNo`),
  KEY `fk_PMa_mno` (`mNo`),
  CONSTRAINT `fk_PMa_mno` FOREIGN KEY (`mNo`) REFERENCES `meeting` (`mNo`) ON DELETE CASCADE ON UPDATE CASCADE,
  CONSTRAINT `fk_PMa_pid` FOREIGN KEY (`pId`) REFERENCES `person` (`pId`) ON DELETE CASCADE ON UPDATE CASCADE
) ENGINE=InnoDB DEFAULT CHARSET=utf8;

/*Data for the table `pm_attend` */

insert  into `pm_attend`(`pId`,`mNo`,`state`) values ('t15',2,'noshow'),('t15',3,'noshow'),('t15',4,'noshow'),('t37',2,'noshow'),('t38',2,'noshow'),('t40',2,'noshow');

/*Table structure for table `pm_inform` */

DROP TABLE IF EXISTS `pm_inform`;

CREATE TABLE `pm_inform` (
  `pId` char(6) NOT NULL,
  `mNo` int(6) NOT NULL,
  PRIMARY KEY (`pId`,`mNo`),
  KEY `fk_PMi_mno` (`mNo`),
  CONSTRAINT `fk_PMi_mno` FOREIGN KEY (`mNo`) REFERENCES `meeting` (`mNo`) ON DELETE CASCADE ON UPDATE CASCADE,
  CONSTRAINT `fk_PMi_pid` FOREIGN KEY (`pId`) REFERENCES `person` (`pId`) ON DELETE CASCADE ON UPDATE CASCADE
) ENGINE=InnoDB DEFAULT CHARSET=utf8;

/*Data for the table `pm_inform` */

/*Table structure for table `room` */

DROP TABLE IF EXISTS `room`;

CREATE TABLE `room` (
  `rId` char(6) NOT NULL,
  `rName` varchar(10) DEFAULT NULL,
  `rInfo` varchar(10) DEFAULT NULL,
  `rSize` int(4) NOT NULL,
  `rAddr` varchar(10) DEFAULT NULL,
  `tName` varchar(20) DEFAULT 'default',
  PRIMARY KEY (`rId`),
  KEY `fk_R_tName` (`tName`),
  CONSTRAINT `fk_R_tName` FOREIGN KEY (`tName`) REFERENCES `room_type` (`tName`) ON DELETE SET NULL ON UPDATE CASCADE
) ENGINE=InnoDB DEFAULT CHARSET=utf8;

/*Data for the table `room` */

insert  into `room`(`rId`,`rName`,`rInfo`,`rSize`,`rAddr`,`tName`) values ('A001','UPDATE','TEST',30,'3Floor','default'),('CR301',NULL,NULL,31,'3层','default'),('CR302',NULL,NULL,30,'3层','A'),('CR303',NULL,NULL,40,'3层','default'),('CR304',NULL,NULL,40,'3层','default'),('CR305',NULL,NULL,40,'3层','default'),('CR306',NULL,NULL,20,'3层','A'),('CR401',NULL,NULL,20,'4层','A'),('CR402',NULL,NULL,20,'4层','A'),('CR403',NULL,NULL,15,'4层','A');

/*Table structure for table `room_type` */

DROP TABLE IF EXISTS `room_type`;

CREATE TABLE `room_type` (
  `tName` varchar(20) NOT NULL,
  `tInfo` varchar(64) DEFAULT NULL,
  PRIMARY KEY (`tName`)
) ENGINE=InnoDB DEFAULT CHARSET=utf8;

/*Data for the table `room_type` */

insert  into `room_type`(`tName`,`tInfo`) values ('A','top class'),('default','默认类型');

/*Table structure for table `time_table` */

DROP TABLE IF EXISTS `time_table`;

CREATE TABLE `time_table` (
  `count_point` time NOT NULL,
  PRIMARY KEY (`count_point`)
) ENGINE=InnoDB DEFAULT CHARSET=latin1;

/*Data for the table `time_table` */

insert  into `time_table`(`count_point`) values ('14:00:00'),('15:00:00'),('16:00:00'),('17:00:00');

/*!40101 SET SQL_MODE=@OLD_SQL_MODE */;
/*!40014 SET FOREIGN_KEY_CHECKS=@OLD_FOREIGN_KEY_CHECKS */;
/*!40014 SET UNIQUE_CHECKS=@OLD_UNIQUE_CHECKS */;
/*!40111 SET SQL_NOTES=@OLD_SQL_NOTES */;
